﻿id,dod_id,response_date,recent_injury,recent_surgery,profile,stress_fx,acft_pain,height,weight,two_mile_run,low_acft,avg_sleep,depressed,nicotine,upper_qtr_screen,lower_qt_screen_prs,lower_qt_screen_sqt,achieve_goals,focus_on_tasks,emotion_performance,strive_success,knowledge_exec,overcome_adversity,skills_exec,positive_outlook,marriage_status,first_marr,children,living_area,financial_changes,prev_assignment,religious_spiritual,hobbies,additional_comments,acft_pain_loc,recent_injury_loc,profile_loc,recent_injury_month,profile_month,acft_pain_month,upper_left_np_pain,upper_left_np_loc,upper_left_mv_pain,upper_left_mv_loc,upper_right_pain_type,upper_right_np_pain,upper_right_np_loc,upper_right_mv_pain,upper_right_mv_loc,upper_left_pain_type,lower_back_pain,lower_back_pain_loc,lower_back_pain_type,lower_quarter_pain,lower_quarter_pain_loc,lower_quarter_pain_type
3,2131231123,2021-08-06 17:13:52.943,1,1,1,1,1,60,180,13.5,1,6,1,1,n/a,n/a,n/a,1,1,1,1,1,1,1,1,Single,1,"Yes, living at home with me.",Barracks,1,ok,NULL,NULL,NULL,yes,ok,ok,2021-01-01,2021-02-01,2021-02-01,0,NULL,0,NULL,4,0,NULL,0,NULL,"3,5",1,"3,4,12,13","3,4",2,"3,4","3,4"
4,2131231123,2021-08-09 11:25:09.523,1,1,1,1,1,60,160,14,1,6,1,1,,,,1,1,1,1,1,1,1,1,Single,1,"Yes, living at home with me.",Barracks,1,,NULL,NULL,NULL,,,,NULL,NULL,NULL,0,NULL,0,NULL,,0,NULL,0,NULL,,0,,,0,,
5,2131231123,2021-08-09 11:26:32.970,1,1,1,1,1,60,160,14,1,6,1,1,,,,1,1,1,1,1,1,1,1,Single,1,"Yes, living at home with me.",Barracks,1,,NULL,NULL,NULL,,,,NULL,NULL,NULL,0,NULL,0,NULL,,0,NULL,0,NULL,,0,,,0,,
7,2123131313,2021-08-13 15:16:05.863,1,1,0,0,0,80,300,12.5,0,4,0,0,,,,7,1,1,1,1,1,1,1,Single,1,"Yes, living at home with me.",Barracks,1,,NULL,NULL,NULL,,knee,,2021-08-01,NULL,NULL,0,NULL,0,NULL,,0,NULL,0,NULL,3,4,"1,4,13,14",6,0,,
8,2131231123,2021-08-17 09:41:20.873,0,1,1,1,1,60,75,20.1,1,6,1,1,,,,1,1,1,1,4,1,1,7,Married,1,"No, ",Off-post (Fayetteville),0,,NULL,NULL,NULL,ankles :),,Legs,NULL,2021-04-01,2021-03-01,0,NULL,0,NULL,"5,6",0,NULL,0,NULL,,0,,,0,,
9,0123456789,2021-08-17 13:42:15.713,1,0,0,0,0,60,120,10,0,2,1,1,,,,4,1,1,4,2,3,7,5,Single,1,"Yes, living at home with me.",Off-post (other surrounding areas),0,,NULL,NULL,NULL,,,,2021-03-01,NULL,NULL,0,NULL,0,NULL,,0,NULL,0,NULL,,1,"4,13",,0,,
